sensor,coefficient
59,2.059997732584333
132,-1.595958745640109
216,1.5814695399006728
425,1.4599459609810792
124,-1.3457202627120406
56,1.3436225820044545
61,1.3064003103124149
25,1.1740450433883707
563,-1.171978867352325
277,1.1600049491613416
415,-1.146900653977446
168,1.1339072591556436
129,1.1279635624022237
305,-1.105671693882759
75,1.10550898095167
41,-1.0700610180083159
205,1.05325013933511
354,-1.0487779496016327
30,-1.027871835515544
214,-1.0084289921547185
188,0.9933504265133098
94,-0.988901159349109
310,0.9887157997105935
40,-0.9792691360264254
78,-0.9647718187322538
577,-0.9242142541003632
573,-0.9194080625049392
332,-0.8932082176775924
113,0.8918849894269892
488,-0.8863114763037804
438,-0.8855410724677311
388,0.8840302798814775
67,-0.8810151325882297
14,-0.878489951624296
64,0.8781591896211621
146,-0.8697177555026099
142,-0.8681399293731922
107,0.8633286209505793
249,0.8614713079298768
365,0.8549656980154845
333,0.8409499457418399
26,-0.8394806284805113
406,0.8120361715091535
387,0.810405685207314
500,0.7970212454259105
493,-0.7952014316105086
164,-0.782189453191251
221,-0.7635484058893806
340,-0.7620540487693177
471,0.7620346276560485
566,-0.7601742790454432
301,0.759584603966012
348,0.7485528343221363
547,0.7464976889634786
316,-0.7426410613982656
349,0.7394300269531618
204,-0.7284308232912041
567,0.7280023799877623
17,0.7229912590420955
22,-0.713236788101963
66,0.7016482881088373
21,0.6858720679471195
117,-0.6817455470259707
271,0.6634639778044474
46,0.6562284376655549
363,-0.6507696446953045
133,0.6506513515975281
162,-0.6506215589673381
20,0.6481786564577149
299,-0.6471152045888624
197,0.6462652295195368
95,0.6435926411482127
29,0.6431350963496233
499,-0.6418991856583185
100,0.6410230247567397
60,0.6358043096960546
366,-0.6349527002048242
131,0.6309160736059534
477,0.6253410533807244
115,-0.6154700669098928
119,-0.6143009287958631
138,0.6138556428018811
368,-0.605801771539616
215,-0.5955144926609451
35,-0.5927103116105739
104,-0.5920191346280558
93,-0.5828702621939469
576,0.5794837428276771
386,-0.5767886265219255
28,-0.5711524792600394
251,-0.5692587621598189
562,-0.5680343108205224
520,-0.5653770874603452
31,0.5635750357735159
248,-0.5605128791884765
45,0.5584522380304602
280,-0.5567828021563581
523,-0.5561251860070934
27,0.5557878847102229
155,-0.5547560807794787
389,-0.5442630294189762
201,0.5389582461699426
175,-0.5387953043154292
68,-0.5387382907616346
446,-0.5381581066107981
361,0.532045623061548
126,0.5308815754628096
122,-0.5290222562256699
86,0.5285200693385449
491,0.5250517668623014
48,-0.524261668989993
391,0.5232634147484531
62,-0.521630454618819
289,-0.520241415308402
548,-0.5198242130625843
151,-0.5164529775929625
282,0.5100581597896265
454,-0.5062054241073484
302,0.5057283243125791
196,-0.501795802957821
486,0.5014940358739738
303,-0.5012827756079475
121,0.4986570767175508
555,-0.4965477912005042
89,0.4890448777578579
511,0.48425718895857545
476,-0.48310374852748933
53,-0.4819972569028009
469,0.48047523558524424
65,-0.4753018829493471
283,-0.4748895458498412
270,-0.47191968790575695
557,0.4704555149280774
428,-0.4693022523295431
574,-0.4683993647401502
418,-0.46627207249903835
541,0.46584551616280945
10,-0.4649788041782073
44,0.4647339663631455
134,-0.46429667086684634
448,-0.46401489857415246
433,0.46365107902346686
295,0.46182956581397777
344,-0.460516856738803
359,0.45997845392824527
161,-0.4546707656834524
71,0.4542931187437461
57,-0.45354145956328007
588,0.45275220520595855
108,-0.45206406700364604
143,-0.4513245972167139
524,0.4413655126614231
355,0.43833160067782495
127,-0.4370050812277165
473,0.4341567888841839
177,-0.4302224746047361
553,-0.42958385308134817
145,-0.42903054089293663
421,-0.42868979235717647
47,0.4220213887006357
213,0.41940082577689797
407,-0.4173601474261181
153,-0.4167377971841305
165,-0.4126387185847751
102,-0.4118688370807554
551,0.4114095650421821
9,-0.3962508450216625
468,-0.39594148269367796
338,-0.3958406638645182
571,-0.39523434665327145
286,-0.39309303743891155
426,-0.39208473081253264
306,0.3920434077756196
525,-0.3858871788076824
0,-0.3843040388619598
148,-0.3826945888210192
320,-0.38267365568422423
58,0.38101842034347766
334,-0.38052885834449685
441,0.3725793829804212
564,0.37119014744733375
268,-0.3690258891824647
455,0.3646039215831166
182,-0.36308761931375305
409,-0.3622006313592567
294,0.36109799021722816
540,-0.35956497425983475
147,0.3543799746762608
70,-0.3535935972230911
324,-0.3533460139865695
558,-0.35126261661139174
424,-0.3487279584110875
120,-0.348095291144032
227,-0.34750748287899125
253,-0.34711282334399307
55,0.3396021886164115
575,0.338790330046731
430,0.3383975852959289
495,-0.33509782135502053
128,-0.3347732252985163
159,0.3339686246508679
549,-0.3318515950305057
81,0.3316451048845824
341,0.32908754099332255
298,-0.3271676190511123
166,-0.3270586363124186
352,-0.32392626957477705
431,0.32343025257628366
170,0.3215781384131404
88,-0.318827386201159
19,0.31423070398245584
521,-0.3118111421920537
565,0.31103652110310936
174,0.30829595393239906
484,-0.3082027864467879
172,0.3057637817131501
83,0.3016438219473757
24,-0.30075957470183623
224,-0.2992065439488503
554,0.29893355246142767
420,0.29837951271132745
417,-0.29807932086280453
459,0.2975952876766742
80,-0.29673166733710515
445,0.29558264992462274
440,-0.29544452982286734
23,0.2952367039720291
343,-0.2951658994493492
443,0.2949296875500243
568,0.2949029354959229
323,0.29259728696257353
150,0.28962955078652475
561,0.2894527755244174
297,0.2894147652057062
183,0.2885546300270703
304,-0.28283382069579643
411,0.2826114438972623
474,0.2808487353567467
103,0.2798909598831564
480,-0.27866214594936645
223,-0.27834823718432256
36,0.27574095090917666
34,-0.2757041610851209
212,-0.2753108656631936
556,-0.2726870372285606
489,0.27260217990175445
210,-0.2694814381877198
408,0.26529100172895076
195,0.26298677557152883
432,-0.262406499728301
290,-0.25847152839354964
136,-0.25572032444821485
239,0.2533723886005611
475,0.2530099342464367
543,-0.24950385359770252
250,-0.2467794341560342
569,-0.24443680422812147
187,0.2440291180831416
317,-0.24332558161629583
219,-0.2433053615057557
485,-0.24227954910990543
582,0.24182498742926836
274,0.24142003999504247
54,-0.2386278781703639
544,-0.2385562206492697
467,0.2361796067152362
247,0.22942903289893604
550,-0.2277969148696681
367,0.2267891173048901
416,-0.2204721394009163
90,0.22010149928775014
160,0.2194479722574459
300,-0.2137042984036344
39,0.21224851966911354
319,0.21165132006455006
405,-0.21049124777740358
321,-0.2094270724497914
376,0.20838688304473096
18,-0.20809499802590956
490,-0.20771713741256836
353,0.20718199900222928
163,-0.2032890990266804
460,0.20290640807130816
32,0.2026487277632847
457,0.20190587288550096
584,0.20117265129221643
572,0.20060665174050238
184,0.20026985407207554
483,0.19714028371677467
91,-0.1967365189898572
116,-0.19270961648482776
3,0.19190948286879364
439,-0.1918609236411582
427,-0.19123461616714124
522,0.19085715923353055
308,-0.18989271249217612
123,0.18933066550803732
8,-0.18598878677372535
7,0.18579563680125152
76,0.1812052392630373
203,0.1810621933403223
335,-0.18100357566016387
269,0.18051750577147613
331,0.18033532575362968
350,-0.1787826394466941
211,0.17833049932436054
15,0.17728498744892093
112,0.17696233320820295
279,0.17600713312441368
154,-0.17579819217657122
307,0.1729379099697787
309,0.17212670133617022
199,0.17090289040109913
442,-0.1685973906981343
546,0.166939830164006
288,-0.1667909904074464
586,-0.16556218018010507
218,-0.16551095684714998
255,0.16538175022827475
173,-0.16389506290610772
552,0.16291183744040683
527,0.16016568113747343
180,0.1587820288631483
228,0.15786515538813753
50,0.15400489974474274
238,-0.15361077958608366
436,-0.15289688467122922
412,0.14889410684014617
336,-0.14851783373424604
135,0.14503630304968262
16,0.13972725526007215
38,-0.13933790254313932
385,-0.1391859829409409
583,0.1377945692957275
217,-0.13653925488982332
169,-0.13640552626755922
208,0.13162263415024206
254,-0.12927208937753226
6,0.12864403527566245
452,0.12792795013198732
285,0.12638040473996234
526,-0.125113931868716
287,-0.11796639405867823
362,-0.11549580383195293
114,0.11532444500582588
51,-0.11325947110921157
494,-0.10870570594693692
339,-0.1084250029266407
273,-0.10512445618033454
43,-0.10348751980020623
84,-0.10128739157581094
198,0.09957196481408591
377,-0.0981555513366751
570,-0.09813399578622754
130,0.09813075238100721
167,-0.09446542881149478
419,0.09299485227290925
519,0.0927204722281443
444,-0.08923731805904478
125,0.08879728181641011
296,0.08803941424518714
152,-0.08795608637197243
585,0.08767474737618579
539,-0.08613012456993649
118,-0.08606329185323687
181,0.0859571201926056
393,-0.0855642954694274
423,0.08537223990853497
472,0.082644920719953
222,-0.07989314816199727
456,-0.07862058905588269
37,-0.07855674445387238
207,-0.07330368684591664
200,0.07205959618057026
252,0.07085029704457059
225,0.06836135098978516
101,0.06459068186189562
542,0.06449646711700208
392,-0.06373312820209392
105,0.06361816008996041
453,0.06320515379704314
12,-0.06247461942135117
589,-0.06206034311482844
482,0.0613626576865897
545,-0.0613395938906743
4,-0.06096350580221285
497,-0.05724898334985572
171,-0.05444824727739934
318,-0.05330221407580212
429,-0.05221495492480397
185,0.04785568554317804
96,-0.04741255869871175
413,0.04619490483268741
360,0.044801884184025094
267,-0.043512545121018396
156,-0.04272217119099311
357,0.041075261088445315
356,-0.0396700104801786
202,-0.03873068970294238
278,0.038413707194160866
1,-0.03710277225179194
496,0.03543522557032189
311,0.03538777079261411
92,-0.034686158493571845
98,-0.033847859082529325
79,0.033075242145885454
587,0.032904766028594094
434,0.030908854517148063
74,-0.030577989017846925
347,-0.030577989017846915
478,-0.030577989017846915
206,-0.030577989017846915
342,-0.03057798901784684
209,-0.03057798901784684
410,0.02825029091200451
176,-0.027756231534746965
487,0.02698258070623162
351,0.026711016176203615
272,0.026705430179070212
479,0.026661648719243876
144,-0.02604720016670311
82,-0.024830762404468715
137,0.024199436728971156
33,-0.022818706178464356
470,-0.02173915431733761
560,0.020796482703828296
510,-0.019478198876819643
291,0.01895308842630555
390,0.01840795966579652
281,0.01722722234097638
139,0.014577469568197257
106,0.01336699466047774
559,-0.01285020443758046
140,-0.012392480311253833
435,0.012191003586988765
275,-0.011819101496537416
11,-0.011710960988376736
77,-0.010230470594210584
2,0.00886931275306191
447,-0.008262236906607883
87,-0.0068335761719563425
99,-0.004950926631568408
437,-0.004888900995783611
63,0.00457681197322345
337,0.0028103270444603565
312,-0.00032855848909962854
